mean_fit_time,std_fit_time,mean_score_time,std_score_time,param_clf__max_depth,param_clf__min_samples_leaf,param_clf__n_estimators,params,split0_test_accuracy,split1_test_accuracy,split2_test_accuracy,split3_test_accuracy,split4_test_accuracy,mean_test_accuracy,std_test_accuracy,rank_test_accuracy,split0_test_precision,split1_test_precision,split2_test_precision,split3_test_precision,split4_test_precision,mean_test_precision,std_test_precision,rank_test_precision,split0_test_recall,split1_test_recall,split2_test_recall,split3_test_recall,split4_test_recall,mean_test_recall,std_test_recall,rank_test_recall,split0_test_roc_auc,split1_test_roc_auc,split2_test_roc_auc,split3_test_roc_auc,split4_test_roc_auc,mean_test_roc_auc,std_test_roc_auc,rank_test_roc_auc
0.07468361854553222,0.006973490021494616,0.019971942901611327,0.004067570432597501,,1,100,"{'clf__max_depth': None, 'clf__min_samples_leaf': 1, 'clf__n_estimators': 100}",0.8571428571428571,0.7959183673469388,0.8333333333333334,0.8333333333333334,0.7708333333333334,0.8181122448979592,0.030707052733897906,2,0.8076923076923077,0.875,0.85,0.7916666666666666,0.7619047619047619,0.8172527472527472,0.04053782620904721,3,0.9130434782608695,0.6363636363636364,0.7727272727272727,0.8636363636363636,0.7272727272727273,0.7826086956521738,0.09810814927920464,3,0.9464882943143813,0.8594276094276094,0.8942307692307692,0.9064685314685316,0.8776223776223777,0.8968475164127339,0.02943967909975486,7
0.21547813415527345,0.004680079950197775,0.03683185577392578,0.005890935206177809,,1,300,"{'clf__max_depth': None, 'clf__min_samples_leaf': 1, 'clf__n_estimators': 300}",0.8571428571428571,0.7959183673469388,0.7708333333333334,0.8333333333333334,0.7916666666666666,0.8097789115646259,0.03109688180708685,10,0.8076923076923077,0.8333333333333334,0.7894736842105263,0.7916666666666666,0.7727272727272727,0.7989786529260213,0.02044072592132362,12,0.9130434782608695,0.6818181818181818,0.6818181818181818,0.8636363636363636,0.7727272727272727,0.7826086956521738,0.09380171999488587,3,0.9498327759197324,0.851010101010101,0.8828671328671329,0.9055944055944056,0.8793706293706294,0.8937350089524003,0.03297716979210124,10
0.06703248023986816,0.00826129400195757,0.02218141555786133,0.0015870856286344455,,3,100,"{'clf__max_depth': None, 'clf__min_samples_leaf': 3, 'clf__n_estimators': 100}",0.8775510204081632,0.8367346938775511,0.7916666666666666,0.7916666666666666,0.7708333333333334,0.8136904761904761,0.03851242953216038,8,0.84,0.8888888888888888,0.8333333333333334,0.75,0.7619047619047619,0.8148253968253968,0.05189341170012392,4,0.9130434782608695,0.7272727272727273,0.6818181818181818,0.8181818181818182,0.7272727272727273,0.7735177865612648,0.0826417847001059,7,0.9548494983277591,0.8905723905723906,0.8618881118881119,0.8986013986013985,0.8863636363636364,0.8984550071506593,0.030743567738153687,3
0.18995389938354493,0.011463685974578927,0.03268322944641113,0.004723471631377751,,3,300,"{'clf__max_depth': None, 'clf__min_samples_leaf': 3, 'clf__n_estimators': 300}",0.8571428571428571,0.8367346938775511,0.7916666666666666,0.8125,0.7708333333333334,0.8137755102040816,0.030797108106773476,5,0.8076923076923077,0.8888888888888888,0.8333333333333334,0.76,0.7619047619047619,0.8103638583638583,0.04813671497152205,7,0.9130434782608695,0.7272727272727273,0.6818181818181818,0.8636363636363636,0.7272727272727273,0.7826086956521738,0.08928782891865628,3,0.9531772575250836,0.8855218855218856,0.8636363636363636,0.8986013986013985,0.8881118881118881,0.897809758679324,0.02993007875445596,5
0.07156429290771485,0.00727794863717585,0.019282770156860352,0.0013210882836333022,5,1,100,"{'clf__max_depth': 5, 'clf__min_samples_leaf': 1, 'clf__n_estimators': 100}",0.8775510204081632,0.7959183673469388,0.7916666666666666,0.8125,0.8125,0.8180272108843537,0.030944670864501127,3,0.84,0.875,0.8333333333333334,0.782608695652174,0.8095238095238095,0.8280931677018634,0.030929407263155028,1,0.9130434782608695,0.6363636363636364,0.6818181818181818,0.8181818181818182,0.7727272727272727,0.7644268774703556,0.09825454143494039,9,0.9531772575250836,0.8686868686868686,0.8688811188811189,0.881118881118881,0.8898601398601398,0.8923448532144184,0.03144208875036263,11
0.18680934906005858,0.01566470985113398,0.02712845802307129,0.00492805456008953,5,1,300,"{'clf__max_depth': 5, 'clf__min_samples_leaf': 1, 'clf__n_estimators': 300}",0.8775510204081632,0.8163265306122449,0.7916666666666666,0.8125,0.7708333333333334,0.8137755102040816,0.03580022863098788,5,0.84,0.8823529411764706,0.8333333333333334,0.782608695652174,0.7619047619047619,0.8200399464133479,0.04298563807303235,2,0.9130434782608695,0.6818181818181818,0.6818181818181818,0.8181818181818182,0.7272727272727273,0.7644268774703556,0.089448657623281,9,0.9548494983277591,0.8737373737373737,0.8828671328671329,0.8846153846153847,0.8846153846153847,0.896136954832607,0.02963270265246897,9
0.07347221374511718,0.014210424213800232,0.017551708221435546,0.0030367604279739483,5,3,100,"{'clf__max_depth': 5, 'clf__min_samples_leaf': 3, 'clf__n_estimators': 100}",0.8367346938775511,0.8163265306122449,0.8125,0.7916666666666666,0.7708333333333334,0.8056122448979591,0.022516197552097914,11,0.7777777777777778,0.8823529411764706,0.8823529411764706,0.75,0.7619047619047619,0.8108776844070962,0.059021128549961215,6,0.9130434782608695,0.6818181818181818,0.6818181818181818,0.8181818181818182,0.7272727272727273,0.7644268774703556,0.089448657623281,9,0.9448160535117056,0.9023569023569025,0.8723776223776224,0.8916083916083917,0.8986013986013986,0.9019520736912041,0.023792232368519284,1
0.17636480331420898,0.014644089275240564,0.031793403625488284,0.008742612721844643,5,3,300,"{'clf__max_depth': 5, 'clf__min_samples_leaf': 3, 'clf__n_estimators': 300}",0.8367346938775511,0.8163265306122449,0.8125,0.7916666666666666,0.75,0.8014455782312926,0.029432088945368688,12,0.7777777777777778,0.8823529411764706,0.8823529411764706,0.75,0.75,0.8084967320261438,0.061150419010344945,11,0.9130434782608695,0.6818181818181818,0.6818181818181818,0.8181818181818182,0.6818181818181818,0.7553359683794466,0.09490611606528257,12,0.9531772575250836,0.8905723905723906,0.8671328671328672,0.8986013986013986,0.8863636363636362,0.8991695100390753,0.028918530016353552,2
0.06556816101074218,0.014510052701608331,0.018976402282714844,0.0029061193426489305,10,1,100,"{'clf__max_depth': 10, 'clf__min_samples_leaf': 1, 'clf__n_estimators': 100}",0.8367346938775511,0.8163265306122449,0.8333333333333334,0.8333333333333334,0.75,0.8139455782312925,0.032759181300229964,4,0.7777777777777778,0.8823529411764706,0.85,0.7916666666666666,0.75,0.8103594771241831,0.048597705077341125,9,0.9130434782608695,0.6818181818181818,0.7727272727272727,0.8636363636363636,0.6818181818181818,0.782608695652174,0.09380171999488587,2,0.955685618729097,0.8585858585858586,0.8907342657342657,0.9020979020979021,0.8767482517482518,0.8967703793790751,0.032847422477252614,8
0.14920849800109864,0.021911618927270483,0.02890462875366211,0.004750744031252964,10,1,300,"{'clf__max_depth': 10, 'clf__min_samples_leaf': 1, 'clf__n_estimators': 300}",0.8367346938775511,0.7959183673469388,0.8333333333333334,0.8333333333333334,0.7916666666666666,0.8181972789115648,0.020010293986507142,1,0.8,0.8333333333333334,0.85,0.7916666666666666,0.7727272727272727,0.8095454545454546,0.028173671028289604,10,0.8695652173913043,0.6818181818181818,0.7727272727272727,0.8636363636363636,0.7727272727272727,0.7920948616600791,0.06932675622187721,1,0.9506688963210701,0.8451178451178452,0.8872377622377623,0.9003496503496503,0.8758741258741259,0.8918496559800909,0.03461878741693374,12
0.05986285209655762,0.005350575148747213,0.024186182022094726,0.0019741034012470816,10,3,100,"{'clf__max_depth': 10, 'clf__min_samples_leaf': 3, 'clf__n_estimators': 100}",0.8775510204081632,0.8367346938775511,0.7916666666666666,0.7916666666666666,0.7708333333333334,0.8136904761904761,0.03851242953216038,8,0.84,0.8888888888888888,0.8333333333333334,0.75,0.7619047619047619,0.8148253968253968,0.05189341170012392,4,0.9130434782608695,0.7272727272727273,0.6818181818181818,0.8181818181818182,0.7272727272727273,0.7735177865612648,0.0826417847001059,7,0.9548494983277591,0.8905723905723906,0.8618881118881119,0.8986013986013985,0.8863636363636364,0.8984550071506593,0.030743567738153687,3
0.12752060890197753,0.017254432237110966,0.019040393829345702,0.00011160285827528838,10,3,300,"{'clf__max_depth': 10, 'clf__min_samples_leaf': 3, 'clf__n_estimators': 300}",0.8571428571428571,0.8367346938775511,0.7916666666666666,0.8125,0.7708333333333334,0.8137755102040816,0.030797108106773476,5,0.8076923076923077,0.8888888888888888,0.8333333333333334,0.76,0.7619047619047619,0.8103638583638583,0.04813671497152205,7,0.9130434782608695,0.7272727272727273,0.6818181818181818,0.8636363636363636,0.7272727272727273,0.7826086956521738,0.08928782891865628,3,0.9531772575250836,0.8855218855218856,0.8636363636363636,0.8986013986013985,0.8881118881118881,0.897809758679324,0.02993007875445596,5
